城市,资源类型
三亚,道闸广告
三亚市,门禁
三门峡,"电梯框架_全国,门禁"
上海,"道闸广告,电梯框架_全国,梯影"
上海市市辖区,"门禁,门禁_框架"
上虞,电梯框架_全国
上饶,道闸广告
上饶市,门禁
东方市,道闸广告
东莞,"道闸广告,电梯框架_全国"
东莞市,"门禁,门禁_框架"
东营,"道闸广告,电梯框架_全国"
东阳,电梯框架_全国
中卫,道闸广告
中山,道闸广告
中山市,门禁
中牟,电梯框架_全国
临夏,道闸广告
临汾,"道闸广告,门禁"
临沂,"道闸广告,电梯框架_全国"
丹东,道闸广告
丹东市,门禁
丹阳,电梯框架_全国
丽水,道闸广告
丽水市,门禁
义乌,电梯框架_全国
乌兰察布,道闸广告
乌海,道闸广告
乌鲁木齐,"道闸广告,电梯框架_全国,梯影"
乌鲁木齐市,门禁
乐山,道闸广告
乐山市,门禁
乐清,"电梯框架_全国,门禁"
九江,道闸广告
九江市,门禁
亳州,"道闸广告,电梯框架_全国"
亳州市,门禁
仙桃,道闸广告
余姚,门禁
佛山,"道闸广告,电梯框架_全国,梯影"
佛山市,"门禁,门禁_框架"
佳木斯,道闸广告
保定,道闸广告
保定市,门禁
保山,门禁
信阳,"道闸广告,电梯框架_全国"
信阳市,门禁
克拉玛依,道闸广告
六安,"道闸广告,电梯框架_全国"
六安市,门禁
六盘水市,"道闸广告,门禁"
兰州,道闸广告
兰州市,"门禁,门禁_框架"
兰溪,电梯框架_全国
兴化,电梯框架_全国
兴安盟,道闸广告
内江,道闸广告
内江市,门禁
凉山彝族自治州,道闸广告
包头,"道闸广告,电梯框架_全国"
包头市,门禁
北京,"道闸广告,电梯框架_全国,梯影"
北京市市辖区,"门禁,门禁_框架"
北海市,"道闸广告,门禁"
十堰市,门禁
南京,"道闸广告,电梯框架_全国,梯影"
南京市,"门禁,门禁_框架"
南充,道闸广告
南充市,门禁
南宁,道闸广告
南宁市,门禁
南平,道闸广告
南昌,"道闸广告,电梯框架_全国"
南昌市,门禁
南通,"道闸广告,电梯框架_全国"
南通市,门禁
南阳,"道闸广告,电梯框架_全国"
南阳市,门禁
厦门,道闸广告
厦门市,门禁
台州,"道闸广告,电梯框架_全国"
台州市,门禁
合肥,"道闸广告,电梯框架_全国,梯影"
合肥市,门禁
合肥肥东,道闸广告
吉安,道闸广告
吉林,道闸广告
吉林市,门禁
吉首,电梯框架_全国
吕梁,道闸广告
吴忠市,道闸广告
吴江,电梯框架_全国
周口,"道闸广告,门禁"
呼伦贝尔,道闸广告
呼和浩特,道闸广告
呼和浩特市,门禁
咸宁,"道闸广告,门禁"
咸宁市,门禁_框架
咸阳,道闸广告
咸阳市,门禁
哈尔滨,道闸广告
哈尔滨市,门禁
唐山,道闸广告
唐山市,门禁
商丘,道闸广告
商丘市,门禁
商洛,梯影
嘉兴,道闸广告
嘉兴市,门禁
嘉峪关,道闸广告
四平,道闸广告
团风,门禁
坦洲镇,门禁
大同,道闸广告
大庆,道闸广告
大理白族自治州,"道闸广告,门禁"
大连,"道闸广告,电梯框架_全国"
大连市,门禁
天水,道闸广告
天水市,门禁
天津,道闸广告
天津市市辖区,门禁_框架
太仓,电梯框架_全国
太原,"道闸广告,电梯框架_全国"
太原市,门禁
威海,"道闸广告,电梯框架_全国"
威海市,门禁
娄底,"道闸广告,电梯框架_全国"
娄底市,门禁
孝感,道闸广告
宁乡,电梯框架_全国
宁德,道闸广告
宁波,"道闸广告,电梯框架_全国,梯影"
宁波市,"门禁,门禁_框架"
安庆,"道闸广告,电梯框架_全国"
安庆市,门禁
安庆汇峰,道闸广告
安阳,"道闸广告,电梯框架_全国"
安阳市,门禁
安顺,门禁
定州市,门禁
定西,道闸广告
宜兴,电梯框架_全国
宜宾,道闸广告
宜宾市,门禁
宜昌,道闸广告
宜昌市,门禁
宜春,道闸广告
宜春市,门禁
宝鸡,道闸广告
宝鸡市,门禁
宣城,"道闸广告,电梯框架_全国"
宿州,"道闸广告,电梯框架_全国"
宿迁,"道闸广告,电梯框架_全国"
宿迁市,门禁
寿光,电梯框架_全国
岳阳,"道闸广告,电梯框架_全国"
岳阳市,门禁
崇州,门禁
嵊州,电梯框架_全国
巢湖,"电梯框架_全国,门禁"
巩义,电梯框架_全国
巴中,道闸广告
巴中市,门禁
巴彦淖尔,道闸广告
常州,"道闸广告,电梯框架_全国"
常州市,门禁
常德,"道闸广告,电梯框架_全国"
常德市,门禁
常熟,"电梯框架_全国,门禁"
平阳,电梯框架_全国
平顶山,"道闸广告,电梯框架_全国"
平顶山市,门禁
广元,道闸广告
广安,道闸广告
广安市,门禁
广州,"道闸广告,梯影"
广州市,"门禁,门禁_框架"
廊坊,道闸广告
廊坊市,门禁
延吉,门禁
延安,道闸广告
延边朝鲜族自治州,道闸广告
开封,"道闸广告,电梯框架_全国"
开封市,门禁
张家口,道闸广告
张家口市,门禁
张家港,"电梯框架_全国,门禁"
徐州,"道闸广告,电梯框架_全国,梯影"
徐州市,门禁
德州,"道闸广告,电梯框架_全国"
德清,电梯框架_全国
德阳,道闸广告
德阳市,门禁
怀化,"道闸广告,电梯框架_全国"
恩施,道闸广告
惠州,道闸广告
惠州市,门禁
成都,"道闸广告,电梯框架_全国,梯影"
成都市,"门禁,门禁_框架"
扬州,"道闸广告,电梯框架_全国"
扬州市,"门禁,门禁_框架"
承德,"道闸广告,门禁"
抚州,门禁
抚州市,道闸广告
抚顺,道闸广告
拉萨,道闸广告
拉萨市,"门禁,门禁_框架"
揭阳市,道闸广告
攀枝花,道闸广告
攀枝花市,门禁
敦化,门禁
新乡,道闸广告
新乡市,门禁
新余,"道闸广告,门禁"
新密,门禁
新昌,电梯框架_全国
新郑,门禁
无锡,"道闸广告,电梯框架_全国,梯影"
无锡市,门禁
日照,"道闸广告,电梯框架_全国"
日照市,门禁
昆山,"电梯框架_全国,门禁"
昆明,"道闸广告,电梯框架_全国,梯影"
昆明市,门禁
昭通,门禁
晋中,道闸广告
晋城,道闸广告
晋江,门禁
景德镇,道闸广告
曲靖,道闸广告
曲靖市,门禁
朔州,道闸广告
朝阳,道闸广告
本溪,"道闸广告,门禁"
杭州,"道闸广告,电梯框架_全国,梯影"
杭州市,"门禁,门禁_框架"
枣庄,"道闸广告,电梯框架_全国"
柳州市,"道闸广告,门禁"
株洲,"道闸广告,电梯框架_全国"
株洲市,门禁
桂林,道闸广告
桂林市,门禁
桓台,电梯框架_全国
梅州市,道闸广告
梧州市,道闸广告
武威,道闸广告
武汉,"道闸广告,电梯框架_全国"
武汉市,"门禁,门禁_框架"
毕节,道闸广告
永嘉,电梯框架_全国
永州,"道闸广告,电梯框架_全国"
永州市,门禁
汉中,道闸广告
汕头,道闸广告
汕头市,门禁
汕尾,道闸广告
江门,道闸广告
江门市,"门禁,门禁_框架"
江阴,"电梯框架_全国,门禁"
池州,门禁
沈阳,"道闸广告,电梯框架_全国"
沈阳市,门禁
沧州,道闸广告
河源,道闸广告
河源市,门禁
泉州,道闸广告
泉州市,门禁
泰安,"道闸广告,电梯框架_全国"
泰安市,门禁
泰州,"道闸广告,电梯框架_全国,梯影"
泸州,道闸广告
泸州市,门禁
洛阳,"道闸广告,电梯框架_全国"
洛阳市,门禁
济南,"道闸广告,电梯框架_全国"
济南市,门禁
济宁,"道闸广告,电梯框架_全国"
济宁市,门禁
海东市,门禁
海口,道闸广告
海口市,门禁
淄博,"道闸广告,电梯框架_全国,门禁"
淮北,道闸广告
淮北市,门禁
淮南,"道闸广告,电梯框架_全国"
淮南市,门禁
淮安,"道闸广告,电梯框架_全国"
淮安市,门禁
深圳,"道闸广告,梯影"
深圳市,"门禁,门禁_框架"
清远,道闸广告
清远市,门禁
温岭,电梯框架_全国
温州,"道闸广告,电梯框架_全国"
温州市,门禁
渭南,道闸广告
湖州,"道闸广告,电梯框架_全国"
湖州市,门禁
湘潭,"道闸广告,电梯框架_全国"
湘潭市,门禁
湘西,道闸广告
湛江,道闸广告
湛江市,门禁
滁州,"道闸广告,电梯框架_全国"
滁州天长,道闸广告
滁州市,门禁
滕州,电梯框架_全国
滨州,"道闸广告,电梯框架_全国,门禁"
漯河,电梯框架_全国
漯河市,门禁
漳州,道闸广告
潍坊,"道闸广告,电梯框架_全国"
潍坊市,门禁
潜江,道闸广告
潮州,道闸广告
濮阳,电梯框架_全国
濮阳市,门禁
烟台,"道闸广告,电梯框架_全国"
烟台市,门禁
焦作,道闸广告
焦作市,门禁
牡丹江,道闸广告
玉林市,"道闸广告,门禁"
玉溪市,道闸广告
珠海,道闸广告
珠海市,门禁
珲春,门禁
瑞安,电梯框架_全国
白山,道闸广告
益阳,"道闸广告,门禁"
盐城,"道闸广告,电梯框架_全国"
盘锦,道闸广告
盘锦市,门禁
眉山,道闸广告
石嘴山,道闸广告
石家庄,道闸广告
石家庄市,"门禁,门禁_框架"
福州,"道闸广告,梯影"
福州市,门禁
秦皇岛,"道闸广告,梯影"
秦皇岛市,门禁
简阳,门禁
绍兴,"道闸广告,电梯框架_全国"
绍兴市,门禁
绥化,道闸广告
绵阳,道闸广告
绵阳市,门禁_框架
聊城,"道闸广告,电梯框架_全国"
聊城市,门禁
肇庆,道闸广告
肇庆市,"门禁,门禁_框架"
自贡,道闸广告
自贡市,门禁
舟山,道闸广告
舟山市,门禁
芜湖,"道闸广告,电梯框架_全国"
芜湖市,门禁
苏州,"道闸广告,电梯框架_全国,梯影"
苏州市,"门禁,门禁_框架"
英德,门禁
茂名,道闸广告
荆州,道闸广告
荆州市,门禁
荆门市,"道闸广告,门禁"
荥阳,"电梯框架_全国,门禁"
莆田,道闸广告
莆田市,门禁
菏泽,"道闸广告,电梯框架_全国"
菏泽市,门禁
萍乡,道闸广告
萍乡市,门禁
营口,"道闸广告,门禁,梯影"
蚌埠,"道闸广告,电梯框架_全国"
蚌埠市,门禁
衡水,道闸广告
衡阳,"道闸广告,电梯框架_全国"
衡阳市,门禁
衢州,"道闸广告,电梯框架_全国"
襄阳,道闸广告
襄阳市,门禁
西宁,道闸广告
西宁市,"门禁,门禁_框架"
西安,"道闸广告,电梯框架_全国"
西安市,"门禁,门禁_框架"
西昌,门禁
许昌,电梯框架_全国
许昌市,门禁
诸暨,电梯框架_全国
贵港,道闸广告
贵阳,"道闸广告,梯影"
贵阳市,门禁
资阳,道闸广告
资阳市,门禁
赣州,道闸广告
赣州市,门禁
赤峰,道闸广告
辽阳,道闸广告
辽阳市,门禁
达州,道闸广告
达州市,门禁
运城,道闸广告
运城市,门禁
连云港,"道闸广告,电梯框架_全国"
连云港市,门禁
通化,道闸广告
通辽,道闸广告
遂宁,道闸广告
遂宁市,门禁
遵义,道闸广告
遵义市,门禁
邢台,"道闸广告,门禁"
邯郸,道闸广告
邯郸市,门禁
邵阳,"道闸广告,电梯框架_全国"
邵阳市,门禁
郑州,"道闸广告,电梯框架_全国,梯影"
郑州市,"门禁,门禁_框架"
郴州,"道闸广告,门禁"
鄂尔多斯,道闸广告
鄂州市,门禁
酒泉,道闸广告
醴陵,门禁
重庆,"道闸广告,电梯框架_全国,梯影"
重庆市市辖区,"门禁,门禁_框架"
金华,"道闸广告,电梯框架_全国"
金华市,门禁
钦州市,门禁
铁岭,门禁
铜仁,门禁
铜陵,"道闸广告,电梯框架_全国"
银川,道闸广告
银川市,门禁
锡林郭勒盟,道闸广告
锦州,道闸广告
镇江,"道闸广告,电梯框架_全国"
镇江市,"门禁,门禁_框架"
长兴,电梯框架_全国
长春,"道闸广告,梯影"
长春市,门禁
长沙,"道闸广告,电梯框架_全国,梯影"
长沙市,"门禁,门禁_框架"
长治市,门禁
阜新,道闸广告
阜阳,"道闸广告,电梯框架_全国"
阜阳颍上,道闸广告
阳江市,门禁
阳泉,道闸广告
阿克苏,门禁
阿克苏地区,道闸广告
陇南,道闸广告
陇南市,门禁
随州,道闸广告
雅安,道闸广告
青岛,"道闸广告,电梯框架_全国,梯影"
青岛市,门禁
青州,电梯框架_全国
靖江,电梯框架_全国
鞍山,道闸广告
鞍山市,门禁
韶关市,门禁
马鞍山,"道闸广告,电梯框架_全国"
马鞍山市,门禁
驻马店,"道闸广告,电梯框架_全国"
驻马店市,门禁
鸡西,道闸广告
鹤壁,电梯框架_全国
鹤壁市,门禁
鹰潭,道闸广告
麻城,门禁
黄冈,道闸广告
黄冈市,门禁
黄石,道闸广告
黔西南布依族苗族自治州,道闸广告
齐齐哈尔,道闸广告
龙岩,道闸广告
龙岩市,门禁
